Estratégia,Estratégia,Precision,Recall
E1,E1,0.5,0.4
E2,E2,0.050505050505050504,1.0
E4,E4,0.050505050505050504,1.0
E5,E5,0.050505050505050504,1.0
E6,E6,0.050505050505050504,1.0
E7,E7,0.050505050505050504,1.0
