Estratégia,Estratégia,Precision,Recall
E1,E1,0.47058823529411764,0.36363636363636365
E2,E2,0.02376599634369287,0.5909090909090909
E2,E2,0.02376599634369287,0.5909090909090909
E4,E4,0.029213483146067417,0.5909090909090909
E5,E5,0.044715447154471545,0.5
E6,E6,0.03494623655913978,0.5909090909090909
E7,E7,0.037037037037037035,0.5454545454545454
